tag,description,qty,unit,sheet_id,table_title,bbox_px
AHU-T1A-HHW,,1,EA,navfac-cherry-point-atc-mechanical.pdf#49,HHW CONTROL VALVE SCHEDULE,"2910.48,1550.16,3095.04,1584.72"
AHU-T1B-HHW,,1,EA,navfac-cherry-point-atc-mechanical.pdf#49,HHW CONTROL VALVE SCHEDULE,"2910.48,1584.72,3095.04,1619.28"
CUH-T1-HHW,,1,EA,navfac-cherry-point-atc-mechanical.pdf#49,HHW CONTROL VALVE SCHEDULE,"2910.48,1619.28,3095.04,1653.6"
CUH-T2-HHW,,1,EA,navfac-cherry-point-atc-mechanical.pdf#49,HHW CONTROL VALVE SCHEDULE,"2910.48,1653.6,3095.04,1688.16"
CV-CH-H-MT-1,,1,EA,navfac-cherry-point-atc-mechanical.pdf#47,HHW CONTROL VALVE SCHEDULE,"566.4,445.1999999999998,776.88,479.7600000000002"
CV-CH-H-MT-2,,1,EA,navfac-cherry-point-atc-mechanical.pdf#47,HHW CONTROL VALVE SCHEDULE,"566.4,479.7600000000002,776.88,514.3200000000002"
CV-CUH-A1-HHW,,1,EA,navfac-cherry-point-atc-mechanical.pdf#44,HHW CONTROL VALVE SCHEDULE,"2562.96,611.52,2770.56,646.0799999999999"
CV-CUH-M1-HHW,,1,EA,navfac-cherry-point-atc-mechanical.pdf#47,HHW CONTROL VALVE SCHEDULE,"566.4,410.6399999999999,776.88,445.1999999999998"
CV-DOAH-A1-HHW,,1,EA,navfac-cherry-point-atc-mechanical.pdf#44,HHW CONTROL VALVE SCHEDULE,"2562.96,714.96,2770.56,749.52"
CV-DOAH-A2-HHW,,1,EA,navfac-cherry-point-atc-mechanical.pdf#44,HHW CONTROL VALVE SCHEDULE,"2562.96,749.52,2770.56,784.0799999999999"
CV-DOAH-M1-HHW,,1,EA,navfac-cherry-point-atc-mechanical.pdf#47,HHW CONTROL VALVE SCHEDULE,"566.4,548.6399999999999,776.88,583.1999999999998"
CV-FCU-A1-HHW,,1,EA,navfac-cherry-point-atc-mechanical.pdf#44,HHW CONTROL VALVE SCHEDULE,"2562.96,784.0799999999999,2770.56,818.4000000000001"
CV-FCU-A2-HHW,,1,EA,navfac-cherry-point-atc-mechanical.pdf#44,HHW CONTROL VALVE SCHEDULE,"2562.96,818.4000000000001,2770.56,852.96"
CV-FCU-A6-HHW,,1,EA,navfac-cherry-point-atc-mechanical.pdf#44,HHW CONTROL VALVE SCHEDULE,"2562.96,852.96,2770.56,887.52"
CV-FCU-A7-HHW,,1,EA,navfac-cherry-point-atc-mechanical.pdf#44,HHW CONTROL VALVE SCHEDULE,"2562.96,887.52,2770.56,921.8400000000001"
CV-FCU-A8-A-HHW,,1,EA,navfac-cherry-point-atc-mechanical.pdf#44,HHW CONTROL VALVE SCHEDULE,"2562.96,921.8400000000001,2770.56,956.4000000000001"
CV-FCU-A8-B-HHW,,1,EA,navfac-cherry-point-atc-mechanical.pdf#44,HHW CONTROL VALVE SCHEDULE,"2562.96,956.4000000000001,2770.56,990.96"
CV-FCU-A10-HHW,,1,EA,navfac-cherry-point-atc-mechanical.pdf#44,HHW CONTROL VALVE SCHEDULE,"2562.96,990.96,2770.56,1025.52"
CV-FCU-A12-HHW,,1,EA,navfac-cherry-point-atc-mechanical.pdf#44,HHW CONTROL VALVE SCHEDULE,"2562.96,1025.52,2770.56,1059.8400000000001"
CV-FCU-A13-HHW,,1,EA,navfac-cherry-point-atc-mechanical.pdf#44,HHW CONTROL VALVE SCHEDULE,"2562.96,1059.8400000000001,2770.56,1094.4"
CV-FCU-M3-HHW,,1,EA,navfac-cherry-point-atc-mechanical.pdf#47,HHW CONTROL VALVE SCHEDULE,"566.4,583.1999999999998,776.88,617.7600000000002"
CV-FCU-M5-HHW,,1,EA,navfac-cherry-point-atc-mechanical.pdf#47,HHW CONTROL VALVE SCHEDULE,"566.4,617.7600000000002,776.88,652.0799999999999"
CV-FCU-M6-HHW,,1,EA,navfac-cherry-point-atc-mechanical.pdf#47,HHW CONTROL VALVE SCHEDULE,"566.4,652.0799999999999,776.88,686.6399999999999"
CV-FCU-M7-HHW,,1,EA,navfac-cherry-point-atc-mechanical.pdf#47,HHW CONTROL VALVE SCHEDULE,"566.4,686.6399999999999,776.88,721.1999999999998"
CV-HHW-BP-A1,,1,EA,navfac-cherry-point-atc-mechanical.pdf#44,HHW CONTROL VALVE SCHEDULE,"2562.96,680.6399999999999,2770.56,714.96"
CV-HHW-BP-M,,1,EA,navfac-cherry-point-atc-mechanical.pdf#47,HHW CONTROL VALVE SCHEDULE,"566.4,514.3200000000002,776.88,548.6399999999999"
CV-UH-A1-HHW,,1,EA,navfac-cherry-point-atc-mechanical.pdf#44,HHW CONTROL VALVE SCHEDULE,"2562.96,1094.4,2770.56,1128.96"
CV-UH-A2-HHW,,1,EA,navfac-cherry-point-atc-mechanical.pdf#44,HHW CONTROL VALVE SCHEDULE,"2562.96,1128.96,2770.56,1163.28"
CV-UH-M1-HHW,,1,EA,navfac-cherry-point-atc-mechanical.pdf#47,HHW CONTROL VALVE SCHEDULE,"566.4,721.1999999999998,776.88,755.52"
CV-VAV-102-HHW,,1,EA,navfac-cherry-point-atc-mechanical.pdf#44,HHW CONTROL VALVE SCHEDULE,"2562.96,1301.28,2770.56,1335.84"
CV-VAV-A101-HHW,,1,EA,navfac-cherry-point-atc-mechanical.pdf#44,HHW CONTROL VALVE SCHEDULE,"2562.96,1266.96,2770.56,1301.28"
CV-VAV-A103-HHW,,1,EA,navfac-cherry-point-atc-mechanical.pdf#44,HHW CONTROL VALVE SCHEDULE,"2562.96,1335.84,2770.56,1370.4"
CV-VAV-A104-HHW,,1,EA,navfac-cherry-point-atc-mechanical.pdf#44,HHW CONTROL VALVE SCHEDULE,"2562.96,1370.4,2770.56,1404.72"
CV-VAV-A105-HHW,,1,EA,navfac-cherry-point-atc-mechanical.pdf#44,HHW CONTROL VALVE SCHEDULE,"2562.96,1404.72,2770.56,1439.28"
CV-VAV-A106A-HHW,,1,EA,navfac-cherry-point-atc-mechanical.pdf#44,HHW CONTROL VALVE SCHEDULE,"2562.96,1439.28,2770.56,1473.84"
CV-VAV-A106B-HHW,,1,EA,navfac-cherry-point-atc-mechanical.pdf#44,HHW CONTROL VALVE SCHEDULE,"2562.96,1473.84,2770.56,1508.16"
CV-VAV-A107-HHW,,1,EA,navfac-cherry-point-atc-mechanical.pdf#44,HHW CONTROL VALVE SCHEDULE,"2562.96,1508.16,2770.56,1542.72"
CV-VAV-A108A-HHW,,1,EA,navfac-cherry-point-atc-mechanical.pdf#44,HHW CONTROL VALVE SCHEDULE,"2562.96,1542.72,2770.56,1577.28"
CV-VAV-A108B-HHW,,1,EA,navfac-cherry-point-atc-mechanical.pdf#44,HHW CONTROL VALVE SCHEDULE,"2562.96,1577.28,2770.56,1611.84"
CV-VAV-A109-HHW,,1,EA,navfac-cherry-point-atc-mechanical.pdf#44,HHW CONTROL VALVE SCHEDULE,"2562.96,1611.84,2770.56,1646.16"
CV-VAV-A110-HHW,,1,EA,navfac-cherry-point-atc-mechanical.pdf#44,HHW CONTROL VALVE SCHEDULE,"2562.96,1646.16,2770.56,1680.72"
CV-VAV-A111-HHW,,1,EA,navfac-cherry-point-atc-mechanical.pdf#44,HHW CONTROL VALVE SCHEDULE,"2562.96,1680.72,2770.56,1715.28"
CV-VAV-A112-HHW,,1,EA,navfac-cherry-point-atc-mechanical.pdf#44,HHW CONTROL VALVE SCHEDULE,"2562.96,1715.28,2770.56,1749.6"
CV-VAV-A113-HHW,,1,EA,navfac-cherry-point-atc-mechanical.pdf#44,HHW CONTROL VALVE SCHEDULE,"2562.96,1749.6,2770.56,1784.16"
CV-VAV-A114-HHW,,1,EA,navfac-cherry-point-atc-mechanical.pdf#44,HHW CONTROL VALVE SCHEDULE,"2562.96,1784.16,2770.56,1818.72"
CV-VAV-A115-HHW,,1,EA,navfac-cherry-point-atc-mechanical.pdf#44,HHW CONTROL VALVE SCHEDULE,"2562.96,1818.72,2770.56,1853.04"
CV-VAV-A116-HHW,,1,EA,navfac-cherry-point-atc-mechanical.pdf#44,HHW CONTROL VALVE SCHEDULE,"2562.96,1853.04,2770.56,1887.6"
CV-VAV-A117-HHW,,1,EA,navfac-cherry-point-atc-mechanical.pdf#44,HHW CONTROL VALVE SCHEDULE,"2562.96,1887.6,2770.56,1922.16"
CV-VAV-A118-HHW,,1,EA,navfac-cherry-point-atc-mechanical.pdf#44,HHW CONTROL VALVE SCHEDULE,"2562.96,1922.16,2770.56,1956.72"
CV-VAV-A201-HHW,,1,EA,navfac-cherry-point-atc-mechanical.pdf#44,HHW CONTROL VALVE SCHEDULE,"2562.96,1956.72,2770.56,1991.04"
CV-VAV-A202-HHW,,1,EA,navfac-cherry-point-atc-mechanical.pdf#44,HHW CONTROL VALVE SCHEDULE,"2562.96,1991.04,2770.56,2025.6"
CV-VAV-A203A-HHW,,1,EA,navfac-cherry-point-atc-mechanical.pdf#44,HHW CONTROL VALVE SCHEDULE,"2562.96,2025.6,2770.56,2060.16"
CV-VAV-A203B-HHW,,1,EA,navfac-cherry-point-atc-mechanical.pdf#44,HHW CONTROL VALVE SCHEDULE,"2562.96,2060.16,2770.56,2094.48"
CV-VAV-A204-HHW,,1,EA,navfac-cherry-point-atc-mechanical.pdf#44,HHW CONTROL VALVE SCHEDULE,"2562.96,2094.48,2770.56,2129.04"
CV-VAV-A205-HHW,,1,EA,navfac-cherry-point-atc-mechanical.pdf#44,HHW CONTROL VALVE SCHEDULE,"2562.96,2129.04,2770.56,2163.6"
CV-VAV-A206-HHW,,1,EA,navfac-cherry-point-atc-mechanical.pdf#44,HHW CONTROL VALVE SCHEDULE,"2562.96,2163.6,2770.56,2197.92"
CV-VAV-M101-HHW,,1,EA,navfac-cherry-point-atc-mechanical.pdf#47,HHW CONTROL VALVE SCHEDULE,"566.4,755.52,776.88,790.0799999999999"
CV-VAV-M102-HHW,,1,EA,navfac-cherry-point-atc-mechanical.pdf#47,HHW CONTROL VALVE SCHEDULE,"566.4,790.0799999999999,776.88,824.6399999999999"
CV-VAV-M103-HHW,,1,EA,navfac-cherry-point-atc-mechanical.pdf#47,HHW CONTROL VALVE SCHEDULE,"566.4,824.6399999999999,776.88,859.1999999999998"
CV-VAV-M104-HHW,,1,EA,navfac-cherry-point-atc-mechanical.pdf#47,HHW CONTROL VALVE SCHEDULE,"566.4,859.1999999999998,776.88,893.52"
CV-VAV-M105-HHW,,1,EA,navfac-cherry-point-atc-mechanical.pdf#47,HHW CONTROL VALVE SCHEDULE,"566.4,893.52,776.88,928.0799999999999"
CV-VAV-M106-HHW,,1,EA,navfac-cherry-point-atc-mechanical.pdf#47,HHW CONTROL VALVE SCHEDULE,"566.4,928.0799999999999,776.88,962.6399999999999"
CV-VAV-M107-HHW,,1,EA,navfac-cherry-point-atc-mechanical.pdf#47,HHW CONTROL VALVE SCHEDULE,"566.4,962.6399999999999,776.88,996.96"
CV-VAV-M108-HHW,,1,EA,navfac-cherry-point-atc-mechanical.pdf#47,HHW CONTROL VALVE SCHEDULE,"566.4,996.96,776.88,1031.52"
CV-VAV-M109-HHW,,1,EA,navfac-cherry-point-atc-mechanical.pdf#47,HHW CONTROL VALVE SCHEDULE,"566.4,1031.52,776.88,1066.08"
CV-VAV-M110-HHW,,1,EA,navfac-cherry-point-atc-mechanical.pdf#47,HHW CONTROL VALVE SCHEDULE,"566.4,1066.08,776.88,1100.6399999999999"
CV-VAV-M111-HHW,,1,EA,navfac-cherry-point-atc-mechanical.pdf#47,HHW CONTROL VALVE SCHEDULE,"566.4,1100.6399999999999,776.88,1134.96"
CV-VAV-M112-HHW,,1,EA,navfac-cherry-point-atc-mechanical.pdf#47,HHW CONTROL VALVE SCHEDULE,"566.4,1134.96,776.88,1169.52"
CV-VAV-M113-HHW,,1,EA,navfac-cherry-point-atc-mechanical.pdf#47,HHW CONTROL VALVE SCHEDULE,"566.4,1169.52,776.88,1204.08"
CV-VAV-M114-HHW,,1,EA,navfac-cherry-point-atc-mechanical.pdf#47,HHW CONTROL VALVE SCHEDULE,"566.4,1204.08,776.88,1238.4"
CV-VAV-M115-HHW,,1,EA,navfac-cherry-point-atc-mechanical.pdf#47,HHW CONTROL VALVE SCHEDULE,"566.4,1238.4,776.88,1272.96"
CV-VAV-M116-HHW,,1,EA,navfac-cherry-point-atc-mechanical.pdf#47,HHW CONTROL VALVE SCHEDULE,"566.4,1272.96,776.88,1307.52"
CV-VAV-M117-HHW,,1,EA,navfac-cherry-point-atc-mechanical.pdf#47,HHW CONTROL VALVE SCHEDULE,"566.4,1307.52,776.88,1341.84"
CV-VAV-M118-HHW,,1,EA,navfac-cherry-point-atc-mechanical.pdf#47,HHW CONTROL VALVE SCHEDULE,"566.4,1341.84,776.88,1376.4"
CV-VAV-M119-HHW,,1,EA,navfac-cherry-point-atc-mechanical.pdf#47,HHW CONTROL VALVE SCHEDULE,"566.4,1376.4,776.88,1410.96"
CV-VAV-M120-HHW,,1,EA,navfac-cherry-point-atc-mechanical.pdf#47,HHW CONTROL VALVE SCHEDULE,"566.4,1410.96,776.88,1445.52"
CV-VAV-M121-HHW,,1,EA,navfac-cherry-point-atc-mechanical.pdf#47,HHW CONTROL VALVE SCHEDULE,"566.4,1445.52,776.88,1479.84"
CV-VAV-M122-HHW,,1,EA,navfac-cherry-point-atc-mechanical.pdf#47,HHW CONTROL VALVE SCHEDULE,"566.4,1479.84,776.88,1514.4"
CV-VAV-M123-HHW,,1,EA,navfac-cherry-point-atc-mechanical.pdf#47,HHW CONTROL VALVE SCHEDULE,"566.4,1514.4,776.88,1548.96"
CV-VAV-M124-HHW,,1,EA,navfac-cherry-point-atc-mechanical.pdf#47,HHW CONTROL VALVE SCHEDULE,"566.4,1548.96,776.88,1583.28"
CV-VAV-M125-HHW,,1,EA,navfac-cherry-point-atc-mechanical.pdf#47,HHW CONTROL VALVE SCHEDULE,"566.4,1583.28,776.88,1617.84"
DOAH-T1-HHW,,1,EA,navfac-cherry-point-atc-mechanical.pdf#49,HHW CONTROL VALVE SCHEDULE,"2910.48,1722.72,3095.04,1757.28"
FCU-T2-HHW,,1,EA,navfac-cherry-point-atc-mechanical.pdf#49,HHW CONTROL VALVE SCHEDULE,"2910.48,1757.28,3095.04,1791.6"
FCU-T3-HHW,,1,EA,navfac-cherry-point-atc-mechanical.pdf#49,HHW CONTROL VALVE SCHEDULE,"2910.48,1791.6,3095.04,1826.16"
FCU-T4-HHW,,1,EA,navfac-cherry-point-atc-mechanical.pdf#49,HHW CONTROL VALVE SCHEDULE,"2910.48,1826.16,3095.04,1860.72"
FCU-T6-HHW,,1,EA,navfac-cherry-point-atc-mechanical.pdf#49,HHW CONTROL VALVE SCHEDULE,"2910.48,1860.72,3095.04,1895.04"
FCU-T7A-HHW,,1,EA,navfac-cherry-point-atc-mechanical.pdf#49,HHW CONTROL VALVE SCHEDULE,"2910.48,1895.04,3095.04,1929.6"
FCU-T7B-HHW,,1,EA,navfac-cherry-point-atc-mechanical.pdf#49,HHW CONTROL VALVE SCHEDULE,"2910.48,1929.6,3095.04,1964.16"
FCU-T8-HHW,,1,EA,navfac-cherry-point-atc-mechanical.pdf#49,HHW CONTROL VALVE SCHEDULE,"2910.48,1964.16,3095.04,1998.48"
FCU-T9-HHW,,1,EA,navfac-cherry-point-atc-mechanical.pdf#49,HHW CONTROL VALVE SCHEDULE,"2910.48,1998.48,3095.04,2033.04"
FCU-T10-HHW,,1,EA,navfac-cherry-point-atc-mechanical.pdf#49,HHW CONTROL VALVE SCHEDULE,"2910.48,2033.04,3095.04,2067.6"
FCU-T11-HHW,,1,EA,navfac-cherry-point-atc-mechanical.pdf#49,HHW CONTROL VALVE SCHEDULE,"2910.48,2067.6,3095.04,2102.16"
FCU-T12-HHW,,1,EA,navfac-cherry-point-atc-mechanical.pdf#49,HHW CONTROL VALVE SCHEDULE,"2910.48,2102.16,3095.04,2136.48"
FCU-T13-HHW,,1,EA,navfac-cherry-point-atc-mechanical.pdf#49,HHW CONTROL VALVE SCHEDULE,"2910.48,2136.48,3095.04,2171.04"
FCU-T14-HHW,,1,EA,navfac-cherry-point-atc-mechanical.pdf#49,HHW CONTROL VALVE SCHEDULE,"2910.48,2171.04,3095.04,2205.6"
FCU-T15-HHW,,1,EA,navfac-cherry-point-atc-mechanical.pdf#49,HHW CONTROL VALVE SCHEDULE,"2910.48,2205.6,3095.04,2239.92"
FCU-T16-HHW,,1,EA,navfac-cherry-point-atc-mechanical.pdf#49,HHW CONTROL VALVE SCHEDULE,"2910.48,2239.92,3095.04,2274.48"
HHW-BP-T,,1,EA,navfac-cherry-point-atc-mechanical.pdf#49,HHW CONTROL VALVE SCHEDULE,"2910.48,1688.16,3095.04,1722.72"
HHWC-DOAH-T1HHW,,1,EA,navfac-cherry-point-atc-mechanical.pdf#49,HHW CONTROL VALVE SCHEDULE,"2910.48,2274.48,3095.04,2338.08"
