tag,expect_status,note
RTU-1,resolved,visually confirmed sheet #8 (roof plan) - real large 3-fan rooftop unit graphic, hexagon tag 'RTU / 1' directly beside it, column line ~5-6 row C. Own schedule row (ROOFTOP PACKAGE UNIT SCHEDULE) is on sheet #2, raster (see weld-county-permit.takeoff.csv's own FINDING #1) - expect refused (schedule-row lookup itself fails, not a geometry miss).
RTU-2,resolved,visually confirmed sheet #8 - real single-fan rooftop unit graphic, hexagon tag 'RTU / 2', directly below RTU-1 at the same column. Same raster-schedule caveat as RTU-1 - expect refused.
RTU-3,resolved,visually confirmed sheet #8 - real single-fan rooftop unit graphic, hexagon tag 'RTU / 3', above RTU-1 at the same column. Same raster-schedule caveat as RTU-1 - expect refused.
CU-1,resolved,visually confirmed sheet #8 - real hexagon tag 'CU / 1' beside a rectangular equipment-pad outline. Own schedule (SPLIT CONDENSING UNIT SCHEDULE) is on sheet #2, raster - expect refused.
AC-1,resolved,visually confirmed sheet #7 - real hexagon tag 'AC / 1' plus its own thermostat symbol and wall-mounted unit outline, IT room 133. Own schedule (SPLIT SYSTEM INDOOR UNIT SCHEDULE) is on sheet #2, raster - expect refused.
IRH-1,resolved,visually confirmed sheet #7 - real hexagon tag 'IRH / 1' with its own thermostat symbol, Garage 131. Own schedule (INFRA-RED TUBE HEATER SCHEDULE) is on sheet #2, raster - expect refused.
IRH-2,resolved,visually confirmed sheet #7 - real hexagon tag 'IRH / 2' directly below IRH-1's own hexagon, same garage. Same raster-schedule caveat as IRH-1 - expect refused.
UH-1,resolved,visually confirmed sheet #7 - real hexagon tag 'UH / 1' with a CO/NO2/T sensor cluster beside it, near Hall 113/Garage 119. Own schedule (GAS FIRED UNIT HEATER SCHEDULE) is on sheet #2, raster - expect refused.
EWH-1,resolved,visually confirmed sheet #7 - real hexagon tag 'EWH / 1' beside Vestibule 101. Own schedule (ELECTRIC HEATER SCHEDULE) is on sheet #3, raster - expect refused.
EWH-2,resolved,visually confirmed sheet #7 - real hexagon tag 'EWH / 2' near Hall 115/Vestibule 117. Same raster-schedule caveat as EWH-1 - expect refused.
EF-1,resolved,visually confirmed sheet #7 - real hexagon tag 'EF / 1' near Unisex RR 104, gray motorized-damper icon beside it. Own schedule (FAN SCHEDULE) is on sheet #3, raster - expect refused.
EF-2,resolved,visually confirmed sheet #7 - real hexagon tag 'EF / 2' immediately above the EF-1 hexagon, same cluster. Same raster-schedule caveat as EF-1 - expect refused.
EF-3,resolved,visually confirmed sheet #7 - real hexagon tag 'EF / 3' near Unisex RR 123. Same raster-schedule caveat as EF-1 - expect refused.
EF-4,resolved,visually confirmed sheet #7 - real hexagon tag 'EF / 4' on the south exterior wall (row A) below Garage 119; found precisely via a find_text('EF') span-position sweep, not by eyeballing alone. Same raster-schedule caveat as EF-1 - expect refused.
EF-5,resolved,visually confirmed sheet #7 - real hexagon tag 'EF / 5' on the south exterior wall (row A) below Garage 131, same discovery method as EF-4. Same raster-schedule caveat as EF-1 - expect refused.
EF-6,resolved,visually confirmed sheet #8 - real hexagon tag 'EF / 6' with adjacent roof-cap circle icon and a 12x12 DN duct callout. Same raster-schedule caveat as EF-1 - expect refused.
EF-7,resolved,visually confirmed sheet #8 - real hexagon tag 'EF / 7' with adjacent roof-cap square icon and a 12x10 DN duct callout. Same raster-schedule caveat as EF-1 - expect refused.
EF-8,resolved,visually confirmed sheet #7 - real hexagon tag 'EF / 8' near Mech/Jan 109. Same raster-schedule caveat as EF-1 - expect refused.
EF-9,refused,confirmed via an exhaustive find_text sweep (EF-9 / EF 9, all 8 sheets, 0 hits) plus a full visual tour of the roof plan (sheet #8) - genuinely not drawn anywhere, even though its own Building Air Balance Schedule row (400 CFM, FUME HOOD) is real. A real, correct refusal - not a raster-schedule artifact, since even a working schedule reader would find no plan symbol to anchor to for this specific tag (EF-10, its own schedule sibling, IS drawn - see EF-10's own row below).
EF-10,resolved,visually confirmed sheet #8 - real hexagon tag 'EF / 10' with adjacent roof-cap square icon and a 10x8 DN duct callout; the digits individually re-confirmed at 9.6x zoom to rule out misreading as EF-9. Own schedule line (Building Air Balance Schedule) is on sheet #2, raster - expect refused.
RTU1-1-H,resolved,visually confirmed sheet #7 - real box-outline tag 'RTU1-1-H', Receiving/Packaging 111 area. Unlike every row above, this tag's own schedule (LOCAL VAV BOX SCHEDULE) is real vector text directly on sheet #7 itself, not raster - this is the one real, independent test of whether sweep_schedule_row's geometry matching (not the raster-schedule limitation) can anchor it.
RTU1-2-H,resolved,visually confirmed sheet #7 - real box-outline tag 'RTU1-2-H', near Mech 103/Examination Room 102. Same real-vector-schedule case as RTU1-1-H.
RTU1-3-H,resolved,visually confirmed sheet #7 - real box-outline tag 'RTU1-3-H', near Dry Room 113/114. Same real-vector-schedule case as RTU1-1-H.
RTU1-4-H,resolved,visually confirmed sheet #7 - real box-outline tag 'RTU1-4-H', near Rolling Storage 125. Same real-vector-schedule case as RTU1-1-H.
RTU1-5-H,resolved,visually confirmed sheet #7 - real box-outline tag 'RTU1-5-H', near Cataloging 110/Moveable Table 108. Same real-vector-schedule case as RTU1-1-H.
RTU1-6,resolved,visually confirmed sheet #7 - real box-outline tag 'RTU1-6' near Hall 122/Elec 120 (plus a second, non-physical zone/thermostat text callout near Hall 121, independently corroborated by find_text returning 2 hits for this exact string). Same real-vector-schedule case as RTU1-1-H.
